Service,Portfolio,NAV,Return,AsOf
Equilties I,Value Oriented,1000000,0.03,2023/1/1
Equilties I,Value Oriented,994900,-0.51,2023/1/2
Equilties I,Value Oriented,1010420.44,1.56,2023/1/3
Equilties I,Value Oriented,1015068.37,0.46,2023/1/4
Equilties I,Value Oriented,1021158.78,0.6,2023/1/5
Equilties I,Value Oriented,1022077.82,0.09,2023/1/6
Equilties I,Value Oriented,1027086,0.49,2023/1/7
Equilties I,Value Oriented,1036843.32,0.95,2023/1/8
Equilties I,Value Oriented,1043686.49,0.66,2023/1/9
Equilties I,Value Oriented,1053810.25,0.97,2023/1/10
Equilties I,Value Oriented,1066772.12,1.23,2023/1/11
Equilties I,Value Oriented,1078613.29,1.11,2023/1/12
Equilties I,Value Oriented,1076456.06,-0.2,2023/1/13
Equilties I,Value Oriented,1083345.38,0.64,2023/1/14
Equilties I,Value Oriented,1084645.39,0.12,2023/1/15
Equilties I,Value Oriented,1093864.88,0.85,2023/1/16
Equilties I,Value Oriented,1098568.5,0.43,2023/1/17
Equilties I,Value Oriented,1109114.76,0.96,2023/1/18
Equilties I,Value Oriented,1113662.13,0.41,2023/1/19
Equilties I,Value Oriented,1110209.78,-0.31,2023/1/20
Equilties I,Value Oriented,1113762.45,0.32,2023/1/21
Equilties I,Value Oriented,1120445.02,0.6,2023/1/22
Equilties I,Value Oriented,1116411.42,-0.36,2023/1/23
Equilties I,Value Oriented,1124784.51,0.75,2023/1/24
Equilties I,Value Oriented,1139294.23,1.29,2023/1/25
Equilties I,Value Oriented,1160371.17,1.85,2023/1/26
Equilties I,Value Oriented,1180677.67,1.75,2023/1/27
Equilties I,Value Oriented,1180441.53,-0.02,2023/1/28
Equilties I,Value Oriented,1197675.98,1.46,2023/1/29
Equilties I,Value Oriented,1205700.41,0.67,2023/1/30
Equilties I,Value Oriented,1215346.01,0.8,2023/1/31
Equilties I,Value Oriented,1216196.75,0.07,2023/2/1
Equilties I,Value Oriented,1227750.62,0.95,2023/2/2
Equilties I,Value Oriented,1244079.7,1.33,2023/2/3
Equilties I,Value Oriented,1249926.87,0.47,2023/2/4
Equilties I,Value Oriented,1259051.34,0.73,2023/2/5
Equilties I,Value Oriented,1277937.11,1.5,2023/2/6
Equilties I,Value Oriented,1272825.36,-0.4,2023/2/7
Equilties I,Value Oriented,1275116.45,0.18,2023/2/8
Equilties I,Value Oriented,1277539.17,0.19,2023/2/9
Equilties I,Value Oriented,1286865.21,0.73,2023/2/10
Equilties I,Value Oriented,1293942.97,0.55,2023/2/11
Equilties I,Value Oriented,1278286.26,-1.21,2023/2/12
Equilties I,Value Oriented,1294264.84,1.25,2023/2/13
Equilties I,Value Oriented,1285722.69,-0.66,2023/2/14
Equilties I,Value Oriented,1287394.13,0.13,2023/2/15
Equilties I,Value Oriented,1294346.06,0.54,2023/2/16
Equilties I,Value Oriented,1291757.37,-0.2,2023/2/17
Equilties I,Value Oriented,1297311.93,0.43,2023/2/18
Equilties I,Value Oriented,1296922.74,-0.03,2023/2/19
Equilties I,Value Oriented,1303926.12,0.54,2023/2/20
Equilties I,Value Oriented,1326484.04,1.73,2023/2/21
Equilties I,Value Oriented,1344656.87,1.37,2023/2/22
Equilties I,Value Oriented,1365633.52,1.56,2023/2/23
Equilties I,Value Oriented,1387620.22,1.61,2023/2/24
Equilties I,Value Oriented,1394003.27,0.46,2023/2/25
Equilties I,Value Oriented,1415331.52,1.53,2023/2/26
Equilties I,Value Oriented,1427078.77,0.83,2023/2/27
Equilties I,Value Oriented,1423939.2,-0.22,2023/2/28
Equilties I,Value Oriented,1420094.56,-0.27,2023/3/1
Equilties I,Value Oriented,1433159.43,0.92,2023/3/2
Equilties I,Value Oriented,1442761.6,0.67,2023/3/3
Equilties I,Value Oriented,1432229.44,-0.73,2023/3/4
Equilties I,Value Oriented,1438531.25,0.44,2023/3/5
Equilties I,Value Oriented,1434934.92,-0.25,2023/3/6
Equilties I,Value Oriented,1427473.26,-0.52,2023/3/7
Equilties I,Value Oriented,1439178.54,0.82,2023/3/8
Equilties I,Value Oriented,1469976.96,2.14,2023/3/9
Equilties I,Value Oriented,1481883.77,0.81,2023/3/10
Equilties I,Value Oriented,1502481.95,1.39,2023/3/11
Equilties I,Value Oriented,1480695.96,-1.45,2023/3/12
Equilties I,Value Oriented,1488395.58,0.52,2023/3/13
Equilties I,Value Oriented,1493158.45,0.32,2023/3/14
Equilties I,Value Oriented,1502863.98,0.65,2023/3/15
Equilties I,Value Oriented,1494748.51,-0.54,2023/3/16
Equilties I,Value Oriented,1509696,1,2023/3/17
Equilties I,Value Oriented,1500033.95,-0.64,2023/3/18
Equilties I,Value Oriented,1519534.39,1.3,2023/3/19
Equilties I,Value Oriented,1520901.97,0.09,2023/3/20
Equilties I,Value Oriented,1522727.05,0.12,2023/3/21
Equilties I,Value Oriented,1516788.41,-0.39,2023/3/22
Equilties I,Value Oriented,1516940.09,0.01,2023/3/23
Equilties I,Value Oriented,1512540.96,-0.29,2023/3/24
Equilties I,Value Oriented,1547178.15,2.29,2023/3/25
Equilties I,Value Oriented,1560329.16,0.85,2023/3/26
Equilties I,Value Oriented,1556896.44,-0.22,2023/3/27
Equilties I,Value Oriented,1580094.2,1.49,2023/3/28
Equilties I,Value Oriented,1591786.9,0.74,2023/3/29
Equilties I,Value Oriented,1611365.88,1.23,2023/3/30
Equilties I,Value Oriented,1652939.12,2.58,2023/3/31
Equilties I,Value Oriented,1659716.17,0.41,2023/4/1
Equilties I,Value Oriented,1658886.31,-0.05,2023/4/2
Equilties I,Value Oriented,1619404.82,-2.38,2023/4/3
Equilties I,Value Oriented,1628311.55,0.55,2023/4/4
Equilties I,Value Oriented,1651596.41,1.43,2023/4/5
Equilties I,Value Oriented,1678847.75,1.65,2023/4/6
Equilties I,Value Oriented,1686234.68,0.44,2023/4/7
Equilties I,Value Oriented,1682862.21,-0.2,2023/4/8
Equilties I,Value Oriented,1691108.23,0.49,2023/4/9
Equilties I,Value Oriented,1698210.88,0.42,2023/4/10
Equilties I,Value Oriented,1716721.38,1.09,2023/4/11
Equilties I,Value Oriented,1739553.77,1.33,2023/4/12
Equilties I,Value Oriented,1740945.41,0.08,2023/4/13
Equilties I,Value Oriented,1762707.23,1.25,2023/4/14
Equilties I,Value Oriented,1787385.13,1.4,2023/4/15
Equilties I,Value Oriented,1795607.1,0.46,2023/4/16
Equilties I,Value Oriented,1788963.35,-0.37,2023/4/17
Equilties I,Value Oriented,1781807.5,-0.4,2023/4/18
Equilties I,Value Oriented,1759178.54,-1.27,2023/4/19
Equilties I,Value Oriented,1780464.6,1.21,2023/4/20
Equilties I,Value Oriented,1788120.6,0.43,2023/4/21
Equilties I,Value Oriented,1800816.26,0.71,2023/4/22
Equilties I,Value Oriented,1823146.38,1.24,2023/4/23
Equilties I,Value Oriented,1845024.14,1.2,2023/4/24
Equilties I,Value Oriented,1863843.39,1.02,2023/4/25
Equilties I,Value Oriented,1873162.61,0.5,2023/4/26
Equilties I,Value Oriented,1905755.64,1.74,2023/4/27
Equilties I,Value Oriented,1930721.04,1.31,2023/4/28
Equilties I,Value Oriented,1932458.69,0.09,2023/4/29
Equilties I,Value Oriented,1962411.8,1.55,2023/4/30
Equilties I,Value Oriented,1950244.85,-0.62,2023/5/1
Equilties I,Value Oriented,1959801.05,0.49,2023/5/2
Equilties I,Value Oriented,1971167.9,0.58,2023/5/3
Equilties I,Value Oriented,1978855.45,0.39,2023/5/4
Equilties I,Value Oriented,1969950.6,-0.45,2023/5/5
Equilties I,Value Oriented,2008167.64,1.94,2023/5/6
Equilties I,Value Oriented,1999934.15,-0.41,2023/5/7
Equilties I,Value Oriented,2006933.92,0.35,2023/5/8
Equilties I,Value Oriented,2009944.32,0.15,2023/5/9
Equilties I,Value Oriented,2017783.1,0.39,2023/5/10
Equilties I,Value Oriented,2041189.38,1.16,2023/5/11
Equilties I,Value Oriented,2039148.19,-0.1,2023/5/12
Equilties I,Value Oriented,2021407.6,-0.87,2023/5/13
Equilties I,Value Oriented,2026663.26,0.26,2023/5/14
Equilties I,Value Oriented,2023825.93,-0.14,2023/5/15
Equilties I,Value Oriented,2055397.61,1.56,2023/5/16
Equilties I,Value Oriented,2079240.22,1.16,2023/5/17
Equilties I,Value Oriented,2082359.08,0.15,2023/5/18
Equilties I,Value Oriented,2093603.82,0.54,2023/5/19
Equilties I,Value Oriented,2111818.17,0.87,2023/5/20
Equilties I,Value Oriented,2097668.99,-0.67,2023/5/21
Equilties I,Value Oriented,2097668.99,0,2023/5/22
Equilties I,Value Oriented,2100815.49,0.15,2023/5/23
Equilties I,Value Oriented,2135689.03,1.66,2023/5/24
Equilties I,Value Oriented,2148076.03,0.58,2023/5/25
Equilties I,Value Oriented,2143779.88,-0.2,2023/5/26
Equilties I,Value Oriented,2172935.29,1.36,2023/5/27
Equilties I,Value Oriented,2182713.5,0.45,2023/5/28
Equilties I,Value Oriented,2187733.74,0.23,2023/5/29
Equilties I,Value Oriented,2187077.42,-0.03,2023/5/30
Equilties I,Value Oriented,2190139.33,0.14,2023/5/31
Equilties I,Value Oriented,2193424.54,0.15,2023/6/1
Equilties I,Value Oriented,2205488.37,0.55,2023/6/2
Equilties I,Value Oriented,2223132.28,0.8,2023/6/3
Equilties I,Value Oriented,2230468.62,0.33,2023/6/4
Equilties I,Value Oriented,2247420.18,0.76,2023/6/5
Equilties I,Value Oriented,2248768.63,0.06,2023/6/6
Equilties I,Value Oriented,2251467.15,0.12,2023/6/7
Equilties I,Value Oriented,2243812.16,-0.34,2023/6/8
Equilties I,Value Oriented,2255255.6,0.51,2023/6/9
Equilties I,Value Oriented,2278935.78,1.05,2023/6/10
Equilties I,Value Oriented,2304915.65,1.14,2023/6/11
Equilties I,Value Oriented,2317592.69,0.55,2023/6/12
Equilties I,Value Oriented,2333352.32,0.68,2023/6/13
Equilties I,Value Oriented,2338019.02,0.2,2023/6/14
Equilties I,Value Oriented,2319314.87,-0.8,2023/6/15
Equilties I,Value Oriented,2306790.57,-0.54,2023/6/16
Equilties I,Value Oriented,2325936.93,0.83,2023/6/17
Equilties I,Value Oriented,2328495.46,0.11,2023/6/18
Equilties I,Value Oriented,2320112.88,-0.36,2023/6/19
Equilties I,Value Oriented,2362106.92,1.81,2023/6/20
Equilties I,Value Oriented,2397066.1,1.48,2023/6/21
Equilties I,Value Oriented,2405216.12,0.34,2023/6/22
Equilties I,Value Oriented,2425660.46,0.85,2023/6/23
Equilties I,Value Oriented,2435605.67,0.41,2023/6/24
Equilties I,Value Oriented,2466537.86,1.27,2023/6/25
Equilties I,Value Oriented,2495149.7,1.16,2023/6/26
Equilties I,Value Oriented,2496147.76,0.04,2023/6/27
Equilties I,Value Oriented,2511124.65,0.6,2023/6/28
Equilties I,Value Oriented,2556073.78,1.79,2023/6/29
Equilties I,Value Oriented,2540226.12,-0.62,2023/6/30
Equilties I,Value Oriented,2526254.88,-0.55,2023/7/1
Equilties I,Growth Oriented,1000000,2.24,2023/1/1
Equilties I,Growth Oriented,1023000,2.3,2023/1/2
Equilties I,Growth Oriented,992003.1,-3.03,2023/1/3
Equilties I,Growth Oriented,1020771.19,2.9,2023/1/4
Equilties I,Growth Oriented,1037613.91,1.65,2023/1/5
Equilties I,Growth Oriented,1052970.6,1.48,2023/1/6
Equilties I,Growth Oriented,1057919.56,0.47,2023/1/7
Equilties I,Growth Oriented,1059612.23,0.16,2023/1/8
Equilties I,Growth Oriented,1088221.76,2.7,2023/1/9
Equilties I,Growth Oriented,1069830.81,-1.69,2023/1/10
Equilties I,Growth Oriented,1052071.62,-1.66,2023/1/11
Equilties I,Growth Oriented,1088578.51,3.47,2023/1/12
Equilties I,Growth Oriented,1118840.99,2.78,2023/1/13
Equilties I,Growth Oriented,1152294.34,2.99,2023/1/14
Equilties I,Growth Oriented,1114960,-3.24,2023/1/15
Equilties I,Growth Oriented,1168701.07,4.82,2023/1/16
Equilties I,Growth Oriented,1185647.24,1.45,2023/1/17
Equilties I,Growth Oriented,1220623.83,2.95,2023/1/18
Equilties I,Growth Oriented,1227947.57,0.6,2023/1/19
Equilties I,Growth Oriented,1254102.85,2.13,2023/1/20
Equilties I,Growth Oriented,1280564.42,2.11,2023/1/21
Equilties I,Growth Oriented,1343312.08,4.9,2023/1/22
Equilties I,Growth Oriented,1373805.26,2.27,2023/1/23
Equilties I,Growth Oriented,1364600.76,-0.67,2023/1/24
Equilties I,Growth Oriented,1403901.26,2.88,2023/1/25
Equilties I,Growth Oriented,1445877.91,2.99,2023/1/26
Equilties I,Growth Oriented,1428527.38,-1.2,2023/1/27
Equilties I,Growth Oriented,1456240.81,1.94,2023/1/28
Equilties I,Growth Oriented,1450124.6,-0.42,2023/1/29
Equilties I,Growth Oriented,1468106.15,1.24,2023/1/30
Equilties I,Growth Oriented,1470895.55,0.19,2023/1/31
Equilties I,Growth Oriented,1444566.52,-1.79,2023/2/1
Equilties I,Growth Oriented,1487470.15,2.97,2023/2/2
Equilties I,Growth Oriented,1534176.71,3.14,2023/2/3
Equilties I,Growth Oriented,1511470.89,-1.48,2023/2/4
Equilties I,Growth Oriented,1554698.96,2.86,2023/2/5
Equilties I,Growth Oriented,1592633.61,2.44,2023/2/6
Equilties I,Growth Oriented,1555047.46,-2.36,2023/2/7
Equilties I,Growth Oriented,1623469.55,4.4,2023/2/8
Equilties I,Growth Oriented,1655614.25,1.98,2023/2/9
Equilties I,Growth Oriented,1710580.64,3.32,2023/2/10
Equilties I,Growth Oriented,1698264.46,-0.72,2023/2/11
Equilties I,Growth Oriented,1710322.14,0.71,2023/2/12
Equilties I,Growth Oriented,1746580.97,2.12,2023/2/13
Equilties I,Growth Oriented,1782036.56,2.03,2023/2/14
Equilties I,Growth Oriented,1824983.64,2.41,2023/2/15
Equilties I,Growth Oriented,1878820.66,2.95,2023/2/16
Equilties I,Growth Oriented,1929736.7,2.71,2023/2/17
Equilties I,Growth Oriented,1882458.15,-2.45,2023/2/18
Equilties I,Growth Oriented,1869092.7,-0.71,2023/2/19
Equilties I,Growth Oriented,1893577.81,1.31,2023/2/20
Equilties I,Growth Oriented,1917626.25,1.27,2023/2/21
Equilties I,Growth Oriented,1880807.83,-1.92,2023/2/22
Equilties I,Growth Oriented,1860495.11,-1.08,2023/2/23
Equilties I,Growth Oriented,1811191.99,-2.65,2023/2/24
Equilties I,Growth Oriented,1880922.88,3.85,2023/2/25
Equilties I,Growth Oriented,1960297.83,4.22,2023/2/26
Equilties I,Growth Oriented,2000483.94,2.05,2023/2/27
Equilties I,Growth Oriented,2032491.68,1.6,2023/2/28
Equilties I,Growth Oriented,2089198.2,2.79,2023/3/1
Equilties I,Growth Oriented,2139338.96,2.4,2023/3/2
Equilties I,Growth Oriented,2109174.28,-1.41,2023/3/3
Equilties I,Growth Oriented,2172449.51,3,2023/3/4
Equilties I,Growth Oriented,2168321.86,-0.19,2023/3/5
Equilties I,Growth Oriented,2196076.38,1.28,2023/3/6
Equilties I,Growth Oriented,2201786.18,0.26,2023/3/7
Equilties I,Growth Oriented,2111072.59,-4.12,2023/3/8
Equilties I,Growth Oriented,2040562.77,-3.34,2023/3/9
Equilties I,Growth Oriented,2029135.62,-0.56,2023/3/10
Equilties I,Growth Oriented,2030758.93,0.08,2023/3/11
Equilties I,Growth Oriented,2032586.61,0.09,2023/3/12
Equilties I,Growth Oriented,2119174.8,4.26,2023/3/13
Equilties I,Growth Oriented,2136340.12,0.81,2023/3/14
Equilties I,Growth Oriented,2202566.66,3.1,2023/3/15
Equilties I,Growth Oriented,2193536.14,-0.41,2023/3/16
Equilties I,Growth Oriented,2249251.96,2.54,2023/3/17
Equilties I,Growth Oriented,2269720.15,0.91,2023/3/18
Equilties I,Growth Oriented,2334180.2,2.84,2023/3/19
Equilties I,Growth Oriented,2413075.49,3.38,2023/3/20
Equilties I,Growth Oriented,2477021.99,2.65,2023/3/21
Equilties I,Growth Oriented,2481480.63,0.18,2023/3/22
Equilties I,Growth Oriented,2561384.31,3.22,2023/3/23
Equilties I,Growth Oriented,2515023.25,-1.81,2023/3/24
Equilties I,Growth Oriented,2464722.79,-2,2023/3/25
Equilties I,Growth Oriented,2513031.36,1.96,2023/3/26
Equilties I,Growth Oriented,2594956.18,3.26,2023/3/27
Equilties I,Growth Oriented,2647893.29,2.04,2023/3/28
Equilties I,Growth Oriented,2697144.11,1.86,2023/3/29
Equilties I,Growth Oriented,2758099.57,2.26,2023/3/30
Equilties I,Growth Oriented,2824569.77,2.41,2023/3/31
Equilties I,Growth Oriented,2748871.3,-2.68,2023/4/1
Equilties I,Growth Oriented,2769212.95,0.74,2023/4/2
Equilties I,Growth Oriented,2845920.15,2.77,2023/4/3
Equilties I,Growth Oriented,2809776.96,-1.27,2023/4/4
Equilties I,Growth Oriented,2895475.16,3.05,2023/4/5
Equilties I,Growth Oriented,2870574.07,-0.86,2023/4/6
Equilties I,Growth Oriented,2925689.09,1.92,2023/4/7
Equilties I,Growth Oriented,2924226.25,-0.05,2023/4/8
Equilties I,Growth Oriented,2952883.67,0.98,2023/4/9
Equilties I,Growth Oriented,2937233.39,-0.53,2023/4/10
Equilties I,Growth Oriented,2855284.58,-2.79,2023/4/11
Equilties I,Growth Oriented,2931235.15,2.66,2023/4/12
Equilties I,Growth Oriented,2929476.41,-0.06,2023/4/13
Equilties I,Growth Oriented,3025563.24,3.28,2023/4/14
Equilties I,Growth Oriented,3092428.19,2.21,2023/4/15
Equilties I,Growth Oriented,3058720.72,-1.09,2023/4/16
Equilties I,Growth Oriented,3149564.73,2.97,2023/4/17
Equilties I,Growth Oriented,3184839.85,1.12,2023/4/18
Equilties I,Growth Oriented,3166049.29,-0.59,2023/4/19
Equilties I,Growth Oriented,3181879.54,0.5,2023/4/20
Equilties I,Growth Oriented,3197152.56,0.48,2023/4/21
Equilties I,Growth Oriented,3145038.97,-1.63,2023/4/22
Equilties I,Growth Oriented,3228382.5,2.65,2023/4/23
Equilties I,Growth Oriented,3288107.58,1.85,2023/4/24
Equilties I,Growth Oriented,3447251.99,4.84,2023/4/25
Equilties I,Growth Oriented,3386925.08,-1.75,2023/4/26
Equilties I,Growth Oriented,3523079.47,4.02,2023/4/27
Equilties I,Growth Oriented,3556548.72,0.95,2023/4/28
Equilties I,Growth Oriented,3552636.52,-0.11,2023/4/29
Equilties I,Growth Oriented,3665610.36,3.18,2023/4/30
Equilties I,Growth Oriented,3668176.29,0.07,2023/5/1
Equilties I,Growth Oriented,3652769.95,-0.42,2023/5/2
Equilties I,Growth Oriented,3575331.23,-2.12,2023/5/3
Equilties I,Growth Oriented,3646122.79,1.98,2023/5/4
Equilties I,Growth Oriented,3655238.1,0.25,2023/5/5
Equilties I,Growth Oriented,3652679.43,-0.07,2023/5/6
Equilties I,Growth Oriented,3774678.92,3.34,2023/5/7
Equilties I,Growth Oriented,3940387.32,4.39,2023/5/8
Equilties I,Growth Oriented,3959301.18,0.48,2023/5/9
Equilties I,Growth Oriented,3944651.77,-0.37,2023/5/10
Equilties I,Growth Oriented,4051946.3,2.72,2023/5/11
Equilties I,Growth Oriented,4024798.26,-0.67,2023/5/12
Equilties I,Growth Oriented,4143127.33,2.94,2023/5/13
Equilties I,Growth Oriented,4215632.06,1.75,2023/5/14
Equilties I,Growth Oriented,4191181.39,-0.58,2023/5/15
Equilties I,Growth Oriented,4199144.63,0.19,2023/5/16
Equilties I,Growth Oriented,4234837.36,0.85,2023/5/17
Equilties I,Growth Oriented,4499091.21,6.24,2023/5/18
Equilties I,Growth Oriented,4776685.14,6.17,2023/5/19
Equilties I,Growth Oriented,4839737.38,1.32,2023/5/20
Equilties I,Growth Oriented,4794727.82,-0.93,2023/5/21
Equilties I,Growth Oriented,4975489.06,3.77,2023/5/22
Equilties I,Growth Oriented,4877969.47,-1.96,2023/5/23
Equilties I,Growth Oriented,4976992.25,2.03,2023/5/24
Equilties I,Growth Oriented,4913286.75,-1.28,2023/5/25
Equilties I,Growth Oriented,4850888.01,-1.27,2023/5/26
Equilties I,Growth Oriented,4930442.57,1.64,2023/5/27
Equilties I,Growth Oriented,4846625.05,-1.7,2023/5/28
Equilties I,Growth Oriented,5017710.91,3.53,2023/5/29
Equilties I,Growth Oriented,4881229.17,-2.72,2023/5/30
Equilties I,Growth Oriented,5109182.57,4.67,2023/5/31
Equilties I,Growth Oriented,5302309.67,3.78,2023/6/1
Equilties I,Growth Oriented,5479406.81,3.34,2023/6/2
Equilties I,Growth Oriented,5663514.88,3.36,2023/6/3
Equilties I,Growth Oriented,5598950.81,-1.14,2023/6/4
Equilties I,Growth Oriented,5799393.25,3.58,2023/6/5
Equilties I,Growth Oriented,5762857.07,-0.63,2023/6/6
Equilties I,Growth Oriented,5737500.5,-0.44,2023/6/7
Equilties I,Growth Oriented,5735205.5,-0.04,2023/6/8
Equilties I,Growth Oriented,5990422.14,4.45,2023/6/9
Equilties I,Growth Oriented,5964663.32,-0.43,2023/6/10
Equilties I,Growth Oriented,5917542.48,-0.79,2023/6/11
Equilties I,Growth Oriented,5877303.19,-0.68,2023/6/12
Equilties I,Growth Oriented,5831460.23,-0.78,2023/6/13
Equilties I,Growth Oriented,5848371.46,0.29,2023/6/14
Equilties I,Growth Oriented,5853634.99,0.09,2023/6/15
Equilties I,Growth Oriented,5855391.08,0.03,2023/6/16
Equilties I,Growth Oriented,5979525.37,2.12,2023/6/17
Equilties I,Growth Oriented,5980721.28,0.02,2023/6/18
Equilties I,Growth Oriented,5812064.94,-2.82,2023/6/19
Equilties I,Growth Oriented,5600505.78,-3.64,2023/6/20
Equilties I,Growth Oriented,5669952.05,1.24,2023/6/21
Equilties I,Growth Oriented,5684693.93,0.26,2023/6/22
Equilties I,Growth Oriented,5813168.01,2.26,2023/6/23
Equilties I,Growth Oriented,5525997.51,-4.94,2023/6/24
Equilties I,Growth Oriented,5710565.83,3.34,2023/6/25
Equilties I,Growth Oriented,5906438.24,3.43,2023/6/26
Equilties I,Growth Oriented,5836742.27,-1.18,2023/6/27
Equilties I,Growth Oriented,6071962.98,4.03,2023/6/28
Equilties I,Growth Oriented,6220118.88,2.44,2023/6/29
Equilties I,Growth Oriented,6258061.61,0.61,2023/6/30
Equilties I,Growth Oriented,6258061.61,0,2023/7/1
Equilties II,Mixed,1000000,0.47,2023/1/1
Equilties II,Mixed,1005500,0.55,2023/1/2
Equilties II,Mixed,1007611.55,0.21,2023/1/3
Equilties II,Mixed,1018695.28,1.1,2023/1/4
Equilties II,Mixed,1021853.24,0.31,2023/1/5
Equilties II,Mixed,1021342.31,-0.05,2023/1/6
Equilties II,Mixed,1045752.39,2.39,2023/1/7
Equilties II,Mixed,1063007.3,1.65,2023/1/8
Equilties II,Mixed,1068534.94,0.52,2023/1/9
Equilties II,Mixed,1078258.61,0.91,2023/1/10
Equilties II,Mixed,1102842.91,2.28,2023/1/11
Equilties II,Mixed,1113209.63,0.94,2023/1/12
Equilties II,Mixed,1134249.29,1.89,2023/1/13
Equilties II,Mixed,1147179.73,1.14,2023/1/14
Equilties II,Mixed,1157963.22,0.94,2023/1/15
Equilties II,Mixed,1181585.67,2.04,2023/1/16
Equilties II,Mixed,1170006.13,-0.98,2023/1/17
Equilties II,Mixed,1173282.15,0.28,2023/1/18
Equilties II,Mixed,1170935.59,-0.2,2023/1/19
Equilties II,Mixed,1183932.98,1.11,2023/1/20
Equilties II,Mixed,1188905.5,0.42,2023/1/21
Equilties II,Mixed,1199486.76,0.89,2023/1/22
Equilties II,Mixed,1231633.01,2.68,2023/1/23
Equilties II,Mixed,1250230.67,1.51,2023/1/24
Equilties II,Mixed,1267858.92,1.41,2023/1/25
Equilties II,Mixed,1311980.41,3.48,2023/1/26
Equilties II,Mixed,1314341.97,0.18,2023/1/27
Equilties II,Mixed,1329851.21,1.18,2023/1/28
Equilties II,Mixed,1312031.2,-1.34,2023/1/29
Equilties II,Mixed,1338796.64,2.04,2023/1/30
Equilties II,Mixed,1331433.26,-0.55,2023/1/31
Equilties II,Mixed,1352736.19,1.6,2023/2/1
Equilties II,Mixed,1360852.61,0.6,2023/2/2
Equilties II,Mixed,1385620.13,1.82,2023/2/3
Equilties II,Mixed,1368992.69,-1.2,2023/2/4
Equilties II,Mixed,1378301.84,0.68,2023/2/5
Equilties II,Mixed,1396357.59,1.31,2023/2/6
Equilties II,Mixed,1385884.91,-0.75,2023/2/7
Equilties II,Mixed,1350544.84,-2.55,2023/2/8
Equilties II,Mixed,1383228.03,2.42,2023/2/9
Equilties II,Mixed,1379631.64,-0.26,2023/2/10
Equilties II,Mixed,1378941.82,-0.05,2023/2/11
Equilties II,Mixed,1396178.59,1.25,2023/2/12
Equilties II,Mixed,1394782.41,-0.1,2023/2/13
Equilties II,Mixed,1424909.71,2.16,2023/2/14
Equilties II,Mixed,1442721.08,1.25,2023/2/15
Equilties II,Mixed,1448203.42,0.38,2023/2/16
Equilties II,Mixed,1488897.94,2.81,2023/2/17
Equilties II,Mixed,1490684.62,0.12,2023/2/18
Equilties II,Mixed,1518560.42,1.87,2023/2/19
Equilties II,Mixed,1525393.94,0.45,2023/2/20
Equilties II,Mixed,1550105.32,1.62,2023/2/21
Equilties II,Mixed,1544524.94,-0.36,2023/2/22
Equilties II,Mixed,1580049.01,2.3,2023/2/23
Equilties II,Mixed,1612914.03,2.08,2023/2/24
Equilties II,Mixed,1626785.09,0.86,2023/2/25
Equilties II,Mixed,1619627.24,-0.44,2023/2/26
Equilties II,Mixed,1664328.95,2.76,2023/2/27
Equilties II,Mixed,1687795.99,1.41,2023/2/28
Equilties II,Mixed,1708387.1,1.22,2023/3/1
Equilties II,Mixed,1740675.62,1.89,2023/3/2
Equilties II,Mixed,1803688.08,3.62,2023/3/3
Equilties II,Mixed,1826594.92,1.27,2023/3/4
Equilties II,Mixed,1809059.61,-0.96,2023/3/5
Equilties II,Mixed,1825883.86,0.93,2023/3/6
Equilties II,Mixed,1830631.16,0.26,2023/3/7
Equilties II,Mixed,1866694.59,1.97,2023/3/8
Equilties II,Mixed,1912615.28,2.46,2023/3/9
Equilties II,Mixed,1917205.56,0.24,2023/3/10
Equilties II,Mixed,1942512.67,1.32,2023/3/11
Equilties II,Mixed,1931246.1,-0.58,2023/3/12
Equilties II,Mixed,1934142.97,0.15,2023/3/13
Equilties II,Mixed,1946908.31,0.66,2023/3/14
Equilties II,Mixed,1978642.92,1.63,2023/3/15
Equilties II,Mixed,2031670.55,2.68,2023/3/16
Equilties II,Mixed,2063567.78,1.57,2023/3/17
Equilties II,Mixed,2099061.15,1.72,2023/3/18
Equilties II,Mixed,2095282.84,-0.18,2023/3/19
Equilties II,Mixed,2123778.69,1.36,2023/3/20
Equilties II,Mixed,2037765.65,-4.05,2023/3/21
Equilties II,Mixed,2073019,1.73,2023/3/22
Equilties II,Mixed,2109504.13,1.76,2023/3/23
Equilties II,Mixed,2095792.35,-0.65,2023/3/24
Equilties II,Mixed,2090972.03,-0.23,2023/3/25
Equilties II,Mixed,2160183.2,3.31,2023/3/26
Equilties II,Mixed,2162559.4,0.11,2023/3/27
Equilties II,Mixed,2194997.79,1.5,2023/3/28
Equilties II,Mixed,2234068.75,1.78,2023/3/29
Equilties II,Mixed,2287016.18,2.37,2023/3/30
Equilties II,Mixed,2335272.22,2.11,2023/3/31
Equilties II,Mixed,2281560.96,-2.3,2023/4/1
Equilties II,Mixed,2290687.2,0.4,2023/4/2
Equilties II,Mixed,2339478.84,2.13,2023/4/3
Equilties II,Mixed,2391883.17,2.24,2023/4/4
Equilties II,Mixed,2415562.81,0.99,2023/4/5
Equilties II,Mixed,2399136.98,-0.68,2023/4/6
Equilties II,Mixed,2395778.19,-0.14,2023/4/7
Equilties II,Mixed,2414944.42,0.8,2023/4/8
Equilties II,Mixed,2434988.46,0.83,2023/4/9
Equilties II,Mixed,2478818.25,1.8,2023/4/10
Equilties II,Mixed,2518975.11,1.62,2023/4/11
Equilties II,Mixed,2542149.68,0.92,2023/4/12
Equilties II,Mixed,2607482.93,2.57,2023/4/13
Equilties II,Mixed,2670844.77,2.43,2023/4/14
Equilties II,Mixed,2640130.06,-1.15,2023/4/15
Equilties II,Mixed,2646730.39,0.25,2023/4/16
Equilties II,Mixed,2668962.93,0.84,2023/4/17
Equilties II,Mixed,2665226.38,-0.14,2023/4/18
Equilties II,Mixed,2686548.19,0.8,2023/4/19
Equilties II,Mixed,2700518.24,0.52,2023/4/20
Equilties II,Mixed,2690256.27,-0.38,2023/4/21
Equilties II,Mixed,2741371.14,1.9,2023/4/22
Equilties II,Mixed,2697783.34,-1.59,2023/4/23
Equilties II,Mixed,2699941.57,0.08,2023/4/24
Equilties II,Mixed,2734770.82,1.29,2023/4/25
Equilties II,Mixed,2736411.68,0.06,2023/4/26
Equilties II,Mixed,2764049.44,1.01,2023/4/27
Equilties II,Mixed,2790307.91,0.95,2023/4/28
Equilties II,Mixed,2791145,0.03,2023/4/29
Equilties II,Mixed,2733089.18,-2.08,2023/4/30
Equilties II,Mixed,2756867.06,0.87,2023/5/1
Equilties II,Mixed,2773132.58,0.59,2023/5/2
Equilties II,Mixed,2728207.83,-1.62,2023/5/3
Equilties II,Mixed,2673916.49,-1.99,2023/5/4
Equilties II,Mixed,2640759.93,-1.24,2023/5/5
Equilties II,Mixed,2637062.87,-0.14,2023/5/6
Equilties II,Mixed,2728568.95,3.47,2023/5/7
Equilties II,Mixed,2737300.37,0.32,2023/5/8
Equilties II,Mixed,2844602.54,3.92,2023/5/9
Equilties II,Mixed,2863092.46,0.65,2023/5/10
Equilties II,Mixed,2862233.53,-0.03,2023/5/11
Equilties II,Mixed,2856795.29,-0.19,2023/5/12
Equilties II,Mixed,2859652.09,0.1,2023/5/13
Equilties II,Mixed,2920848.64,2.14,2023/5/14
Equilties II,Mixed,2884630.12,-1.24,2023/5/15
Equilties II,Mixed,2939726.56,1.91,2023/5/16
Equilties II,Mixed,2954719.17,0.51,2023/5/17
Equilties II,Mixed,3000221.85,1.54,2023/5/18
Equilties II,Mixed,3053625.8,1.78,2023/5/19
Equilties II,Mixed,3123553.83,2.29,2023/5/20
Equilties II,Mixed,3158537.63,1.12,2023/5/21
Equilties II,Mixed,3134532.74,-0.76,2023/5/22
Equilties II,Mixed,3201925.19,2.15,2023/5/23
Equilties II,Mixed,3288056.98,2.69,2023/5/24
Equilties II,Mixed,3300551.6,0.38,2023/5/25
Equilties II,Mixed,3339498.11,1.18,2023/5/26
Equilties II,Mixed,3343171.56,0.11,2023/5/27
Equilties II,Mixed,3416721.33,2.2,2023/5/28
Equilties II,Mixed,3331303.3,-2.5,2023/5/29
Equilties II,Mixed,3323641.3,-0.23,2023/5/30
Equilties II,Mixed,3404738.15,2.44,2023/5/31
Equilties II,Mixed,3401673.89,-0.09,2023/6/1
Equilties II,Mixed,3427526.61,0.76,2023/6/2
Equilties II,Mixed,3440893.96,0.39,2023/6/3
Equilties II,Mixed,3424033.58,-0.49,2023/6/4
Equilties II,Mixed,3405886.2,-0.53,2023/6/5
Equilties II,Mixed,3396690.31,-0.27,2023/6/6
Equilties II,Mixed,3561769.46,4.86,2023/6/7
Equilties II,Mixed,3582783.9,0.59,2023/6/8
Equilties II,Mixed,3657664.08,2.09,2023/6/9
Equilties II,Mixed,3644130.72,-0.37,2023/6/10
Equilties II,Mixed,3703530.05,1.63,2023/6/11
Equilties II,Mixed,3700937.58,-0.07,2023/6/12
Equilties II,Mixed,3769034.83,1.84,2023/6/13
Equilties II,Mixed,3935626.17,4.42,2023/6/14
Equilties II,Mixed,3878559.59,-1.45,2023/6/15
Equilties II,Mixed,3900667.38,0.57,2023/6/16
Equilties II,Mixed,3844887.84,-1.43,2023/6/17
Equilties II,Mixed,3842580.91,-0.06,2023/6/18
Equilties II,Mixed,3920201.04,2.02,2023/6/19
Equilties II,Mixed,3993900.82,1.88,2023/6/20
Equilties II,Mixed,3938385.6,-1.39,2023/6/21
Equilties II,Mixed,3947443.89,0.23,2023/6/22
Equilties II,Mixed,4027182.26,2.02,2023/6/23
Equilties II,Mixed,4030001.29,0.07,2023/6/24
Equilties II,Mixed,4106571.31,1.9,2023/6/25
Equilties II,Mixed,4118480.37,0.29,2023/6/26
Equilties II,Mixed,4185611.6,1.63,2023/6/27
Equilties II,Mixed,4132454.33,-1.27,2023/6/28
Equilties II,Mixed,4176671.59,1.07,2023/6/29
Equilties II,Mixed,4265634.69,2.13,2023/6/30
Equilties II,Mixed,4262648.75,-0.07,2023/7/1
Bonds I,High Rating,1000000,0.1,2023/1/1
Bonds I,High Rating,999700,-0.03,2023/1/2
Bonds I,High Rating,1000699.7,0.1,2023/1/3
Bonds I,High Rating,1003401.59,0.27,2023/1/4
Bonds I,High Rating,1005308.05,0.19,2023/1/5
Bonds I,High Rating,1010033,0.47,2023/1/6
Bonds I,High Rating,1013366.11,0.33,2023/1/7
Bonds I,High Rating,1014379.48,0.1,2023/1/8
Bonds I,High Rating,1015089.55,0.07,2023/1/9
Bonds I,High Rating,1016409.17,0.13,2023/1/10
Bonds I,High Rating,1017527.22,0.11,2023/1/11
Bonds I,High Rating,1020783.31,0.32,2023/1/12
Bonds I,High Rating,1018945.9,-0.18,2023/1/13
Bonds I,High Rating,1018232.64,-0.07,2023/1/14
Bonds I,High Rating,1018945.4,0.07,2023/1/15
Bonds I,High Rating,1018843.51,-0.01,2023/1/16
Bonds I,High Rating,1020168.01,0.13,2023/1/17
Bonds I,High Rating,1018331.71,-0.18,2023/1/18
Bonds I,High Rating,1016804.21,-0.15,2023/1/19
Bonds I,High Rating,1016905.89,0.01,2023/1/20
Bonds I,High Rating,1017821.11,0.09,2023/1/21
Bonds I,High Rating,1021790.61,0.39,2023/1/22
Bonds I,High Rating,1025469.06,0.36,2023/1/23
Bonds I,High Rating,1027109.81,0.16,2023/1/24
Bonds I,High Rating,1029472.16,0.23,2023/1/25
Bonds I,High Rating,1028957.42,-0.05,2023/1/26
Bonds I,High Rating,1028854.52,-0.01,2023/1/27
Bonds I,High Rating,1030706.46,0.18,2023/1/28
Bonds I,High Rating,1029366.54,-0.13,2023/1/29
Bonds I,High Rating,1033484.01,0.4,2023/1/30
Bonds I,High Rating,1034724.19,0.12,2023/1/31
Bonds I,High Rating,1038863.09,0.4,2023/2/1
Bonds I,High Rating,1039590.29,0.07,2023/2/2
Bonds I,High Rating,1041253.63,0.16,2023/2/3
Bonds I,High Rating,1042294.88,0.1,2023/2/4
Bonds I,High Rating,1042086.42,-0.02,2023/2/5
Bonds I,High Rating,1039377,-0.26,2023/2/6
Bonds I,High Rating,1039273.06,-0.01,2023/2/7
Bonds I,High Rating,1037922.01,-0.13,2023/2/8
Bonds I,High Rating,1035638.58,-0.22,2023/2/9
Bonds I,High Rating,1037916.98,0.22,2023/2/10
Bonds I,High Rating,1039162.48,0.12,2023/2/11
Bonds I,High Rating,1042591.72,0.33,2023/2/12
Bonds I,High Rating,1050098.38,0.72,2023/2/13
Bonds I,High Rating,1053143.67,0.29,2023/2/14
Bonds I,High Rating,1055039.33,0.18,2023/2/15
Bonds I,High Rating,1056305.38,0.12,2023/2/16
Bonds I,High Rating,1057889.84,0.15,2023/2/17
Bonds I,High Rating,1056408.79,-0.14,2023/2/18
Bonds I,High Rating,1058838.53,0.23,2023/2/19
Bonds I,High Rating,1056509.09,-0.22,2023/2/20
Bonds I,High Rating,1059572.97,0.29,2023/2/21
Bonds I,High Rating,1056182.34,-0.32,2023/2/22
Bonds I,High Rating,1059667.74,0.33,2023/2/23
Bonds I,High Rating,1062952.71,0.31,2023/2/24
Bonds I,High Rating,1064972.32,0.19,2023/2/25
Bonds I,High Rating,1069125.71,0.39,2023/2/26
Bonds I,High Rating,1071157.05,0.19,2023/2/27
Bonds I,High Rating,1073727.83,0.24,2023/2/28
Bonds I,High Rating,1076626.9,0.27,2023/3/1
Bonds I,High Rating,1078887.82,0.21,2023/3/2
Bonds I,High Rating,1078456.26,-0.04,2023/3/3
Bonds I,High Rating,1078564.11,0.01,2023/3/4
Bonds I,High Rating,1079211.25,0.06,2023/3/5
Bonds I,High Rating,1079103.33,-0.01,2023/3/6
Bonds I,High Rating,1082448.55,0.31,2023/3/7
Bonds I,High Rating,1084288.71,0.17,2023/3/8
Bonds I,High Rating,1084071.85,-0.02,2023/3/9
Bonds I,High Rating,1086239.99,0.2,2023/3/10
Bonds I,High Rating,1090150.45,0.36,2023/3/11
Bonds I,High Rating,1091676.66,0.14,2023/3/12
Bonds I,High Rating,1091785.83,0.01,2023/3/13
Bonds I,High Rating,1089165.54,-0.24,2023/3/14
Bonds I,High Rating,1089492.29,0.03,2023/3/15
Bonds I,High Rating,1093414.46,0.36,2023/3/16
Bonds I,High Rating,1097132.07,0.34,2023/3/17
Bonds I,High Rating,1100313.75,0.29,2023/3/18
Bonds I,High Rating,1102624.41,0.21,2023/3/19
Bonds I,High Rating,1108027.27,0.49,2023/3/20
Bonds I,High Rating,1108802.89,0.07,2023/3/21
Bonds I,High Rating,1112683.7,0.35,2023/3/22
Bonds I,High Rating,1115687.95,0.27,2023/3/23
Bonds I,High Rating,1117361.48,0.15,2023/3/24
Bonds I,High Rating,1118478.84,0.1,2023/3/25
Bonds I,High Rating,1118702.54,0.02,2023/3/26
Bonds I,High Rating,1119597.5,0.08,2023/3/27
Bonds I,High Rating,1122172.57,0.23,2023/3/28
Bonds I,High Rating,1124978,0.25,2023/3/29
Bonds I,High Rating,1126665.47,0.15,2023/3/30
Bonds I,High Rating,1125876.8,-0.07,2023/3/31
Bonds I,High Rating,1128015.97,0.19,2023/4/1
Bonds I,High Rating,1130723.21,0.24,2023/4/2
Bonds I,High Rating,1132645.44,0.17,2023/4/3
Bonds I,High Rating,1133325.03,0.06,2023/4/4
Bonds I,High Rating,1134911.69,0.14,2023/4/5
Bonds I,High Rating,1136046.6,0.1,2023/4/6
Bonds I,High Rating,1138318.69,0.2,2023/4/7
Bonds I,High Rating,1142530.47,0.37,2023/4/8
Bonds I,High Rating,1145615.3,0.27,2023/4/9
Bonds I,High Rating,1147562.85,0.17,2023/4/10
Bonds I,High Rating,1148595.66,0.09,2023/4/11
Bonds I,High Rating,1150433.41,0.16,2023/4/12
Bonds I,High Rating,1155150.19,0.41,2023/4/13
Bonds I,High Rating,1151684.74,-0.3,2023/4/14
Bonds I,High Rating,1151684.74,0,2023/4/15
Bonds I,High Rating,1153757.77,0.18,2023/4/16
Bonds I,High Rating,1157795.92,0.35,2023/4/17
Bonds I,High Rating,1161269.31,0.3,2023/4/18
Bonds I,High Rating,1160108.04,-0.1,2023/4/19
Bonds I,High Rating,1163936.4,0.33,2023/4/20
Bonds I,High Rating,1163005.25,-0.08,2023/4/21
Bonds I,High Rating,1164982.36,0.17,2023/4/22
Bonds I,High Rating,1167312.32,0.2,2023/4/23
Bonds I,High Rating,1165211.16,-0.18,2023/4/24
Bonds I,High Rating,1169405.92,0.36,2023/4/25
Bonds I,High Rating,1170575.33,0.1,2023/4/26
Bonds I,High Rating,1170692.39,0.01,2023/4/27
Bonds I,High Rating,1172916.71,0.19,2023/4/28
Bonds I,High Rating,1178429.42,0.47,2023/4/29
Bonds I,High Rating,1185617.84,0.61,2023/4/30
Bonds I,High Rating,1184550.78,-0.09,2023/5/1
Bonds I,High Rating,1190710.44,0.52,2023/5/2
Bonds I,High Rating,1184161.53,-0.55,2023/5/3
Bonds I,High Rating,1180135.38,-0.34,2023/5/4
Bonds I,High Rating,1182967.7,0.24,2023/5/5
Bonds I,High Rating,1188645.94,0.48,2023/5/6
Bonds I,High Rating,1191260.96,0.22,2023/5/7
Bonds I,High Rating,1196026,0.4,2023/5/8
Bonds I,High Rating,1199135.67,0.26,2023/5/9
Bonds I,High Rating,1202613.16,0.29,2023/5/10
Bonds I,High Rating,1202492.9,-0.01,2023/5/11
Bonds I,High Rating,1203454.89,0.08,2023/5/12
Bonds I,High Rating,1203454.89,0,2023/5/13
Bonds I,High Rating,1206944.91,0.29,2023/5/14
Bonds I,High Rating,1207910.47,0.08,2023/5/15
Bonds I,High Rating,1211896.57,0.33,2023/5/16
Bonds I,High Rating,1214805.12,0.24,2023/5/17
Bonds I,High Rating,1218813.98,0.33,2023/5/18
Bonds I,High Rating,1218935.86,0.01,2023/5/19
Bonds I,High Rating,1219179.65,0.02,2023/5/20
Bonds I,High Rating,1222593.35,0.28,2023/5/21
Bonds I,High Rating,1225649.83,0.25,2023/5/22
Bonds I,High Rating,1228346.26,0.22,2023/5/23
Bonds I,High Rating,1229943.11,0.13,2023/5/24
Bonds I,High Rating,1228221.19,-0.14,2023/5/25
Bonds I,High Rating,1228958.12,0.06,2023/5/26
Bonds I,High Rating,1233628.16,0.38,2023/5/27
Bonds I,High Rating,1235108.51,0.12,2023/5/28
Bonds I,High Rating,1236343.62,0.1,2023/5/29
Bonds I,High Rating,1239558.11,0.26,2023/5/30
Bonds I,High Rating,1242409.09,0.23,2023/5/31
Bonds I,High Rating,1242781.81,0.03,2023/6/1
Bonds I,High Rating,1245515.93,0.22,2023/6/2
Bonds I,High Rating,1252117.16,0.53,2023/6/3
Bonds I,High Rating,1253494.49,0.11,2023/6/4
Bonds I,High Rating,1252993.09,-0.04,2023/6/5
Bonds I,High Rating,1256250.87,0.26,2023/6/6
Bonds I,High Rating,1257255.87,0.08,2023/6/7
Bonds I,High Rating,1257633.05,0.03,2023/6/8
Bonds I,High Rating,1257507.29,-0.01,2023/6/9
Bonds I,High Rating,1258136.04,0.05,2023/6/10
Bonds I,High Rating,1262539.52,0.35,2023/6/11
Bonds I,High Rating,1265822.12,0.26,2023/6/12
Bonds I,High Rating,1267720.85,0.15,2023/6/13
Bonds I,High Rating,1271777.56,0.32,2023/6/14
Bonds I,High Rating,1271777.56,0,2023/6/15
Bonds I,High Rating,1278390.8,0.52,2023/6/16
Bonds I,High Rating,1281842.46,0.27,2023/6/17
Bonds I,High Rating,1284406.14,0.2,2023/6/18
Bonds I,High Rating,1286461.19,0.16,2023/6/19
Bonds I,High Rating,1288905.47,0.19,2023/6/20
Bonds I,High Rating,1288261.02,-0.05,2023/6/21
Bonds I,High Rating,1294187.02,0.46,2023/6/22
Bonds I,High Rating,1300916.79,0.52,2023/6/23
Bonds I,High Rating,1306901.01,0.46,2023/6/24
Bonds I,High Rating,1305202.04,-0.13,2023/6/25
Bonds I,High Rating,1304810.48,-0.03,2023/6/26
Bonds I,High Rating,1307550.58,0.21,2023/6/27
Bonds I,High Rating,1304281.7,-0.25,2023/6/28
Bonds I,High Rating,1304933.84,0.05,2023/6/29
Bonds I,High Rating,1300497.06,-0.34,2023/6/30
Bonds I,High Rating,1307519.74,0.54,2023/7/1
Bonds I,Low Rating,1000000,1.17,2023/1/1
Bonds I,Low Rating,1008100,0.81,2023/1/2
Bonds I,Low Rating,1013946.98,0.58,2023/1/3
Bonds I,Low Rating,1018915.32,0.49,2023/1/4
Bonds I,Low Rating,1023704.22,0.47,2023/1/5
Bonds I,Low Rating,1031893.85,0.8,2023/1/6
Bonds I,Low Rating,1033648.07,0.17,2023/1/7
Bonds I,Low Rating,1028169.74,-0.53,2023/1/8
Bonds I,Low Rating,1035058.48,0.67,2023/1/9
Bonds I,Low Rating,1044477.51,0.91,2023/1/10
Bonds I,Low Rating,1049386.55,0.47,2023/1/11
Bonds I,Low Rating,1052114.96,0.26,2023/1/12
Bonds I,Low Rating,1054429.61,0.22,2023/1/13
Bonds I,Low Rating,1062759.6,0.79,2023/1/14
Bonds I,Low Rating,1064778.84,0.19,2023/1/15
Bonds I,Low Rating,1073935.94,0.86,2023/1/16
Bonds I,Low Rating,1077265.14,0.31,2023/1/17
Bonds I,Low Rating,1081358.75,0.38,2023/1/18
Bonds I,Low Rating,1090658.44,0.86,2023/1/19
Bonds I,Low Rating,1094802.94,0.38,2023/1/20
Bonds I,Low Rating,1107064.73,1.12,2023/1/21
Bonds I,Low Rating,1108614.62,0.14,2023/1/22
Bonds I,Low Rating,1106729.98,-0.17,2023/1/23
Bonds I,Low Rating,1104295.17,-0.22,2023/1/24
Bonds I,Low Rating,1111473.09,0.65,2023/1/25
Bonds I,Low Rating,1120031.43,0.77,2023/1/26
Bonds I,Low Rating,1128431.67,0.75,2023/1/27
Bonds I,Low Rating,1141182.95,1.13,2023/1/28
Bonds I,Low Rating,1149399.47,0.72,2023/1/29
Bonds I,Low Rating,1153307.43,0.34,2023/1/30
Bonds I,Low Rating,1158497.31,0.45,2023/1/31
Bonds I,Low Rating,1169271.33,0.93,2023/2/1
Bonds I,Low Rating,1170440.6,0.1,2023/2/2
Bonds I,Low Rating,1165407.71,-0.43,2023/2/3
Bonds I,Low Rating,1170069.34,0.4,2023/2/4
Bonds I,Low Rating,1177557.78,0.64,2023/2/5
Bonds I,Low Rating,1183798.84,0.53,2023/2/6
Bonds I,Low Rating,1193505.99,0.82,2023/2/7
Bonds I,Low Rating,1192312.48,-0.1,2023/2/8
Bonds I,Low Rating,1184323.99,-0.67,2023/2/9
Bonds I,Low Rating,1202444.15,1.53,2023/2/10
Bonds I,Low Rating,1211101.75,0.72,2023/2/11
Bonds I,Low Rating,1215582.83,0.37,2023/2/12
Bonds I,Low Rating,1218864.9,0.27,2023/2/13
Bonds I,Low Rating,1234344.48,1.27,2023/2/14
Bonds I,Low Rating,1240886.51,0.53,2023/2/15
Bonds I,Low Rating,1247215.03,0.51,2023/2/16
Bonds I,Low Rating,1255197.21,0.64,2023/2/17
Bonds I,Low Rating,1250050.9,-0.41,2023/2/18
Bonds I,Low Rating,1255426.12,0.43,2023/2/19
Bonds I,Low Rating,1251283.21,-0.33,2023/2/20
Bonds I,Low Rating,1254661.67,0.27,2023/2/21
Bonds I,Low Rating,1257421.93,0.22,2023/2/22
Bonds I,Low Rating,1252895.21,-0.36,2023/2/23
Bonds I,Low Rating,1262542.5,0.77,2023/2/24
Bonds I,Low Rating,1275546.69,1.03,2023/2/25
Bonds I,Low Rating,1286133.73,0.83,2023/2/26
Bonds I,Low Rating,1278031.09,-0.63,2023/2/27
Bonds I,Low Rating,1276369.65,-0.13,2023/2/28
Bonds I,Low Rating,1281730.4,0.42,2023/3/1
Bonds I,Low Rating,1280064.15,-0.13,2023/3/2
Bonds I,Low Rating,1280448.17,0.03,2023/3/3
Bonds I,Low Rating,1293508.74,1.02,2023/3/4
Bonds I,Low Rating,1295319.65,0.14,2023/3/5
Bonds I,Low Rating,1308661.44,1.03,2023/3/6
Bonds I,Low Rating,1310624.43,0.15,2023/3/7
Bonds I,Low Rating,1317701.8,0.54,2023/3/8
Bonds I,Low Rating,1340366.27,1.72,2023/3/9
Bonds I,Low Rating,1339696.09,-0.05,2023/3/10
Bonds I,Low Rating,1343313.27,0.27,2023/3/11
Bonds I,Low Rating,1346402.89,0.23,2023/3/12
Bonds I,Low Rating,1357712.67,0.84,2023/3/13
Bonds I,Low Rating,1360156.55,0.18,2023/3/14
Bonds I,Low Rating,1362468.82,0.17,2023/3/15
Bonds I,Low Rating,1374322.3,0.87,2023/3/16
Bonds I,Low Rating,1367038.39,-0.53,2023/3/17
Bonds I,Low Rating,1364577.72,-0.18,2023/3/18
Bonds I,Low Rating,1369899.57,0.39,2023/3/19
Bonds I,Low Rating,1384557.5,1.07,2023/3/20
Bonds I,Low Rating,1387741.98,0.23,2023/3/21
Bonds I,Low Rating,1396623.53,0.64,2023/3/22
Bonds I,Low Rating,1399835.76,0.23,2023/3/23
Bonds I,Low Rating,1413414.17,0.97,2023/3/24
Bonds I,Low Rating,1411011.37,-0.17,2023/3/25
Bonds I,Low Rating,1413551.19,0.18,2023/3/26
Bonds I,Low Rating,1412278.99,-0.09,2023/3/27
Bonds I,Low Rating,1414962.32,0.19,2023/3/28
Bonds I,Low Rating,1415952.79,0.07,2023/3/29
Bonds I,Low Rating,1421616.6,0.4,2023/3/30
Bonds I,Low Rating,1434411.15,0.9,2023/3/31
Bonds I,Low Rating,1433120.18,-0.09,2023/4/1
Bonds I,Low Rating,1441718.9,0.6,2023/4/2
Bonds I,Low Rating,1437537.92,-0.29,2023/4/3
Bonds I,Low Rating,1449613.24,0.84,2023/4/4
Bonds I,Low Rating,1457006.27,0.51,2023/4/5
Bonds I,Low Rating,1458026.17,0.07,2023/4/6
Bonds I,Low Rating,1465024.7,0.48,2023/4/7
Bonds I,Low Rating,1478649.43,0.93,2023/4/8
Bonds I,Low Rating,1478649.43,0,2023/4/9
Bonds I,Low Rating,1484268.3,0.38,2023/4/10
Bonds I,Low Rating,1496439.3,0.82,2023/4/11
Bonds I,Low Rating,1492249.27,-0.28,2023/4/12
Bonds I,Low Rating,1495084.54,0.19,2023/4/13
Bonds I,Low Rating,1508839.32,0.92,2023/4/14
Bonds I,Low Rating,1509744.62,0.06,2023/4/15
Bonds I,Low Rating,1523181.35,0.89,2023/4/16
Bonds I,Low Rating,1528207.85,0.33,2023/4/17
Bonds I,Low Rating,1522247.84,-0.39,2023/4/18
Bonds I,Low Rating,1525292.34,0.2,2023/4/19
Bonds I,Low Rating,1530630.86,0.35,2023/4/20
Bonds I,Low Rating,1534304.37,0.24,2023/4/21
Bonds I,Low Rating,1526786.28,-0.49,2023/4/22
Bonds I,Low Rating,1521900.56,-0.32,2023/4/23
Bonds I,Low Rating,1532097.29,0.67,2023/4/24
Bonds I,Low Rating,1543434.81,0.74,2023/4/25
Bonds I,Low Rating,1550843.3,0.48,2023/4/26
Bonds I,Low Rating,1554255.16,0.22,2023/4/27
Bonds I,Low Rating,1557208.24,0.19,2023/4/28
Bonds I,Low Rating,1578386.27,1.36,2023/4/29
Bonds I,Low Rating,1584699.82,0.4,2023/4/30
Bonds I,Low Rating,1594524.96,0.62,2023/5/1
Bonds I,Low Rating,1586871.24,-0.48,2023/5/2
Bonds I,Low Rating,1596868.53,0.63,2023/5/3
Bonds I,Low Rating,1599583.21,0.17,2023/5/4
Bonds I,Low Rating,1596224.09,-0.21,2023/5/5
Bonds I,Low Rating,1605482.19,0.58,2023/5/6
Bonds I,Low Rating,1611101.38,0.35,2023/5/7
Bonds I,Low Rating,1616740.23,0.35,2023/5/8
Bonds I,Low Rating,1621913.8,0.32,2023/5/9
Bonds I,Low Rating,1628239.26,0.39,2023/5/10
Bonds I,Low Rating,1630681.62,0.15,2023/5/11
Bonds I,Low Rating,1627583.32,-0.19,2023/5/12
Bonds I,Low Rating,1638488.13,0.67,2023/5/13
Bonds I,Low Rating,1653889.92,0.94,2023/5/14
Bonds I,Low Rating,1661167.04,0.44,2023/5/15
Bonds I,Low Rating,1668808.41,0.46,2023/5/16
Bonds I,Low Rating,1667807.12,-0.06,2023/5/17
Bonds I,Low Rating,1676646.5,0.53,2023/5/18
Bonds I,Low Rating,1690227.34,0.81,2023/5/19
Bonds I,Low Rating,1695298.02,0.3,2023/5/20
Bonds I,Low Rating,1706317.46,0.65,2023/5/21
Bonds I,Low Rating,1712630.83,0.37,2023/5/22
Bonds I,Low Rating,1707492.94,-0.3,2023/5/23
Bonds I,Low Rating,1709883.43,0.14,2023/5/24
Bonds I,Low Rating,1698427.21,-0.67,2023/5/25
Bonds I,Low Rating,1699276.42,0.05,2023/5/26
Bonds I,Low Rating,1721876.8,1.33,2023/5/27
Bonds I,Low Rating,1744777.76,1.33,2023/5/28
Bonds I,Low Rating,1755071.95,0.59,2023/5/29
Bonds I,Low Rating,1775606.29,1.17,2023/5/30
Bonds I,Low Rating,1789988.7,0.81,2023/5/31
Bonds I,Low Rating,1809678.58,1.1,2023/6/1
Bonds I,Low Rating,1830489.88,1.15,2023/6/2
Bonds I,Low Rating,1843120.26,0.69,2023/6/3
Bonds I,Low Rating,1851967.24,0.48,2023/6/4
Bonds I,Low Rating,1854745.19,0.15,2023/6/5
Bonds I,Low Rating,1869768.63,0.81,2023/6/6
Bonds I,Low Rating,1877060.73,0.39,2023/6/7
Bonds I,Low Rating,1879313.2,0.12,2023/6/8
Bonds I,Low Rating,1873299.4,-0.32,2023/6/9
Bonds I,Low Rating,1881167.26,0.42,2023/6/10
Bonds I,Low Rating,1876464.34,-0.25,2023/6/11
Bonds I,Low Rating,1887535.48,0.59,2023/6/12
Bonds I,Low Rating,1895274.38,0.41,2023/6/13
Bonds I,Low Rating,1901718.31,0.34,2023/6/14
Bonds I,Low Rating,1910466.21,0.46,2023/6/15
Bonds I,Low Rating,1926132.03,0.82,2023/6/16
Bonds I,Low Rating,1931332.59,0.27,2023/6/17
Bonds I,Low Rating,1956439.91,1.3,2023/6/18
Bonds I,Low Rating,1952135.74,-0.22,2023/6/19
Bonds I,Low Rating,1965019.84,0.66,2023/6/20
Bonds I,Low Rating,1969932.39,0.25,2023/6/21
Bonds I,Low Rating,1976236.17,0.32,2023/6/22
Bonds I,Low Rating,1993824.67,0.89,2023/6/23
Bonds I,Low Rating,1994622.2,0.04,2023/6/24
Bonds I,Low Rating,1990234.03,-0.22,2023/6/25
Bonds I,Low Rating,1990035.01,-0.01,2023/6/26
Bonds I,Low Rating,2008741.34,0.94,2023/6/27
Bonds I,Low Rating,2020994.66,0.61,2023/6/28
Bonds I,Low Rating,2031503.83,0.52,2023/6/29
Bonds I,Low Rating,2044708.6,0.65,2023/6/30
Bonds I,Low Rating,2046548.84,0.09,2023/7/1
